precision,backend,normalized_threshold,weighted_gate_count,depth,entanglement_metric,magic_metric,num_qubits,mul_qb_gate_density
1,1,0.0,1.5269040260551447,0.9071815321518504,1.9096574544725085,0.7084441833433067,1.0000000000000002,0.2208856446090305
1,1,0.125,1.5269040260551447,0.9071815321518504,1.9096574544725085,0.7084441833433067,1.0000000000000002,0.2208856446090305
1,1,0.25,1.5269040260551447,0.9071815321518504,1.9096574544725085,0.7084441833433067,1.0000000000000002,0.2208856446090305
1,1,0.375,1.5269040260551447,0.9071815321518504,1.9096574544725085,0.7084441833433067,1.0000000000000002,0.2208856446090305
1,1,0.5,1.5269040260551447,0.9071815321518504,1.9096574544725085,0.7084441833433067,1.0000000000000002,0.2208856446090305
1,1,0.625,1.5269040260551447,0.9071815321518504,1.9096574544725085,0.7084441833433067,1.0000000000000002,0.2208856446090305
1,1,0.875,1.5269040260551447,0.9071815321518504,1.9096574544725085,0.7084441833433067,1.0000000000000002,0.2208856446090305
1,1,1.0,1.5269040260551447,0.9071815321518504,1.9096574544725085,0.7084441833433067,1.0000000000000002,0.2208856446090305
1,1,1.125,1.5269040260551447,0.9071815321518504,1.9096574544725085,0.7084441833433067,1.0000000000000002,0.2208856446090305
0,1,0.0,1.5269040260551447,0.9071815321518504,1.9096574544725085,0.7084441833433067,1.0000000000000002,0.2208856446090305
0,1,0.125,1.5269040260551447,0.9071815321518504,1.9096574544725085,0.7084441833433067,1.0000000000000002,0.2208856446090305
0,1,0.25,1.5269040260551447,0.9071815321518504,1.9096574544725085,0.7084441833433067,1.0000000000000002,0.2208856446090305
0,1,0.375,1.5269040260551447,0.9071815321518504,1.9096574544725085,0.7084441833433067,1.0000000000000002,0.2208856446090305
0,1,0.5,1.5269040260551447,0.9071815321518504,1.9096574544725085,0.7084441833433067,1.0000000000000002,0.2208856446090305
0,1,0.625,1.5269040260551447,0.9071815321518504,1.9096574544725085,0.7084441833433067,1.0000000000000002,0.2208856446090305
1,0,0.0,1.5269040260551447,0.9071815321518504,1.9096574544725085,0.7084441833433067,1.0000000000000002,0.2208856446090305
1,0,0.125,1.5269040260551447,0.9071815321518504,1.9096574544725085,0.7084441833433067,1.0000000000000002,0.2208856446090305
0,0,0.0,1.5269040260551447,0.9071815321518504,1.9096574544725085,0.7084441833433067,1.0000000000000002,0.2208856446090305
0,0,0.125,1.5269040260551447,0.9071815321518504,1.9096574544725085,0.7084441833433067,1.0000000000000002,0.2208856446090305
1,1,0.0,-0.0749025489474615,-0.0053931617654473,0.0310639051777333,0.4344617965414966,0.1056910569105691,0.2410875818710809
1,1,0.125,-0.0749025489474615,-0.0053931617654473,0.0310639051777333,0.4344617965414966,0.1056910569105691,0.2410875818710809
1,1,0.25,-0.0749025489474615,-0.0053931617654473,0.0310639051777333,0.4344617965414966,0.1056910569105691,0.2410875818710809
0,1,0.0,-0.0749025489474615,-0.0053931617654473,0.0310639051777333,0.4344617965414966,0.1056910569105691,0.2410875818710809
0,1,0.125,-0.0749025489474615,-0.0053931617654473,0.0310639051777333,0.4344617965414966,0.1056910569105691,0.2410875818710809
0,1,0.25,-0.0749025489474615,-0.0053931617654473,0.0310639051777333,0.4344617965414966,0.1056910569105691,0.2410875818710809
1,0,0.0,-0.0749025489474615,-0.0053931617654473,0.0310639051777333,0.4344617965414966,0.1056910569105691,0.2410875818710809
1,0,0.125,-0.0749025489474615,-0.0053931617654473,0.0310639051777333,0.4344617965414966,0.1056910569105691,0.2410875818710809
1,0,0.25,-0.0749025489474615,-0.0053931617654473,0.0310639051777333,0.4344617965414966,0.1056910569105691,0.2410875818710809
0,0,0.0,-0.0749025489474615,-0.0053931617654473,0.0310639051777333,0.4344617965414966,0.1056910569105691,0.2410875818710809
0,0,0.125,-0.0749025489474615,-0.0053931617654473,0.0310639051777333,0.4344617965414966,0.1056910569105691,0.2410875818710809
0,0,0.25,-0.0749025489474615,-0.0053931617654473,0.0310639051777333,0.4344617965414966,0.1056910569105691,0.2410875818710809
1,1,0.0,-1.5164970180321995,-1.7385116401861365,-0.9331951608089558,-2.200022639524579,0.1869918699186992,0.1694625315783567
1,1,0.125,-1.5164970180321995,-1.7385116401861365,-0.9331951608089558,-2.200022639524579,0.1869918699186992,0.1694625315783567
0,1,0.0,-1.5164970180321995,-1.7385116401861365,-0.9331951608089558,-2.200022639524579,0.1869918699186992,0.1694625315783567
0,1,0.125,-1.5164970180321995,-1.7385116401861365,-0.9331951608089558,-2.200022639524579,0.1869918699186992,0.1694625315783567
1,0,0.0,-1.5164970180321995,-1.7385116401861365,-0.9331951608089558,-2.200022639524579,0.1869918699186992,0.1694625315783567
1,0,0.125,-1.5164970180321995,-1.7385116401861365,-0.9331951608089558,-2.200022639524579,0.1869918699186992,0.1694625315783567
0,0,0.0,-1.5164970180321995,-1.7385116401861365,-0.9331951608089558,-2.200022639524579,0.1869918699186992,0.1694625315783567
0,0,0.125,-1.5164970180321995,-1.7385116401861365,-0.9331951608089558,-2.200022639524579,0.1869918699186992,0.1694625315783567
1,1,0.0,-0.30932655725401,0.064455682761655,0.6136243875854639,0.2218290257436211,1.0000000000000002,0.0
0,1,0.0,-0.30932655725401,0.064455682761655,0.6136243875854639,0.2218290257436211,1.0000000000000002,0.0
1,0,0.0,-0.30932655725401,0.064455682761655,0.6136243875854639,0.2218290257436211,1.0000000000000002,0.0
0,0,0.0,-0.30932655725401,0.064455682761655,0.6136243875854639,0.2218290257436211,1.0000000000000002,0.0
1,1,0.0,-1.3038661112487082,-0.9120654723827792,-0.8806096344761086,0.0618237022000052,0.065040650406504,0.1357566255582512
0,1,0.0,-1.3038661112487082,-0.9120654723827792,-0.8806096344761086,0.0618237022000052,0.065040650406504,0.1357566255582512
1,0,0.0,-1.3038661112487082,-0.9120654723827792,-0.8806096344761086,0.0618237022000052,0.065040650406504,0.1357566255582512
0,0,0.0,-1.3038661112487082,-0.9120654723827792,-0.8806096344761086,0.0618237022000052,0.065040650406504,0.1357566255582512
1,1,0.0,-0.980042341595161,-0.610701742028204,-0.3957313696670581,0.098032008572854,0.1869918699186992,0.0650093332348006
0,1,0.0,-0.980042341595161,-0.610701742028204,-0.3957313696670581,0.098032008572854,0.1869918699186992,0.0650093332348006
1,0,0.0,-0.980042341595161,-0.610701742028204,-0.3957313696670581,0.098032008572854,0.1869918699186992,0.0650093332348006
0,0,0.0,-0.980042341595161,-0.610701742028204,-0.3957313696670581,0.098032008572854,0.1869918699186992,0.0650093332348006
1,1,0.0,-0.5045476607231552,-0.0630804277960972,-0.9006819342989919,-2.200022639524579,0.7560975609756099,0.0065450904504837
1,1,0.125,-0.5045476607231552,-0.0630804277960972,-0.9006819342989919,-2.200022639524579,0.7560975609756099,0.0065450904504837
0,1,0.0,-0.5045476607231552,-0.0630804277960972,-0.9006819342989919,-2.200022639524579,0.7560975609756099,0.0065450904504837
0,1,0.125,-0.5045476607231552,-0.0630804277960972,-0.9006819342989919,-2.200022639524579,0.7560975609756099,0.0065450904504837
1,0,0.0,-0.5045476607231552,-0.0630804277960972,-0.9006819342989919,-2.200022639524579,0.7560975609756099,0.0065450904504837
1,0,0.125,-0.5045476607231552,-0.0630804277960972,-0.9006819342989919,-2.200022639524579,0.7560975609756099,0.0065450904504837
0,0,0.0,-0.5045476607231552,-0.0630804277960972,-0.9006819342989919,-2.200022639524579,0.7560975609756099,0.0065450904504837
0,0,0.125,-0.5045476607231552,-0.0630804277960972,-0.9006819342989919,-2.200022639524579,0.7560975609756099,0.0065450904504837
1,1,0.0,-0.3855669081919578,0.0608324911348735,-0.810387183111281,-2.200022639524579,1.0000000000000002,0.0001644091796608
1,1,0.125,-0.3855669081919578,0.0608324911348735,-0.810387183111281,-2.200022639524579,1.0000000000000002,0.0001644091796608
0,1,0.0,-0.3855669081919578,0.0608324911348735,-0.810387183111281,-2.200022639524579,1.0000000000000002,0.0001644091796608
0,1,0.125,-0.3855669081919578,0.0608324911348735,-0.810387183111281,-2.200022639524579,1.0000000000000002,0.0001644091796608
1,0,0.0,-0.3855669081919578,0.0608324911348735,-0.810387183111281,-2.200022639524579,1.0000000000000002,0.0001644091796608
1,0,0.125,-0.3855669081919578,0.0608324911348735,-0.810387183111281,-2.200022639524579,1.0000000000000002,0.0001644091796608
0,0,0.0,-0.3855669081919578,0.0608324911348735,-0.810387183111281,-2.200022639524579,1.0000000000000002,0.0001644091796608
0,0,0.125,-0.3855669081919578,0.0608324911348735,-0.810387183111281,-2.200022639524579,1.0000000000000002,0.0001644091796608
1,1,0.0,-1.378921738494162,-0.9409499159956646,-1.5679548733253657,-2.200022639524579,0.065040650406504,0.1455875148141153
1,1,0.125,-1.378921738494162,-0.9409499159956646,-1.5679548733253657,-2.200022639524579,0.065040650406504,0.1455875148141153
0,1,0.0,-1.378921738494162,-0.9409499159956646,-1.5679548733253657,-2.200022639524579,0.065040650406504,0.1455875148141153
0,1,0.125,-1.378921738494162,-0.9409499159956646,-1.5679548733253657,-2.200022639524579,0.065040650406504,0.1455875148141153
1,0,0.0,-1.378921738494162,-0.9409499159956646,-1.5679548733253657,-2.200022639524579,0.065040650406504,0.1455875148141153
1,0,0.125,-1.378921738494162,-0.9409499159956646,-1.5679548733253657,-2.200022639524579,0.065040650406504,0.1455875148141153
0,0,0.0,-1.378921738494162,-0.9409499159956646,-1.5679548733253657,-2.200022639524579,0.065040650406504,0.1455875148141153
0,0,0.125,-1.378921738494162,-0.9409499159956646,-1.5679548733253657,-2.200022639524579,0.065040650406504,0.1455875148141153
1,1,0.0,-1.054954983860965,-0.6258283268839312,-1.3195303780158276,-2.200022639524579,0.1869918699186992,0.0678011698725546
1,1,0.125,-1.054954983860965,-0.6258283268839312,-1.3195303780158276,-2.200022639524579,0.1869918699186992,0.0678011698725546
0,1,0.0,-1.054954983860965,-0.6258283268839312,-1.3195303780158276,-2.200022639524579,0.1869918699186992,0.0678011698725546
0,1,0.125,-1.054954983860965,-0.6258283268839312,-1.3195303780158276,-2.200022639524579,0.1869918699186992,0.0678011698725546
1,0,0.0,-1.054954983860965,-0.6258283268839312,-1.3195303780158276,-2.200022639524579,0.1869918699186992,0.0678011698725546
1,0,0.125,-1.054954983860965,-0.6258283268839312,-1.3195303780158276,-2.200022639524579,0.1869918699186992,0.0678011698725546
0,0,0.0,-1.054954983860965,-0.6258283268839312,-1.3195303780158276,-2.200022639524579,0.1869918699186992,0.0678011698725546
0,0,0.125,-1.054954983860965,-0.6258283268839312,-1.3195303780158276,-2.200022639524579,0.1869918699186992,0.0678011698725546
1,1,0.0,-1.319754505546406,-1.164881924476973,-1.107453453540003,-2.200022639524579,0.065040650406504,0.2649625986353223
1,1,0.125,-1.319754505546406,-1.164881924476973,-1.107453453540003,-2.200022639524579,0.065040650406504,0.2649625986353223
1,1,0.25,-1.319754505546406,-1.164881924476973,-1.107453453540003,-2.200022639524579,0.065040650406504,0.2649625986353223
1,1,0.375,-1.319754505546406,-1.164881924476973,-1.107453453540003,-2.200022639524579,0.065040650406504,0.2649625986353223
1,1,0.5,-1.319754505546406,-1.164881924476973,-1.107453453540003,-2.200022639524579,0.065040650406504,0.2649625986353223
1,1,0.625,-1.319754505546406,-1.164881924476973,-1.107453453540003,-2.200022639524579,0.065040650406504,0.2649625986353223
1,1,0.75,-1.319754505546406,-1.164881924476973,-1.107453453540003,-2.200022639524579,0.065040650406504,0.2649625986353223
1,1,0.875,-1.319754505546406,-1.164881924476973,-1.107453453540003,-2.200022639524579,0.065040650406504,0.2649625986353223
1,1,1.0,-1.319754505546406,-1.164881924476973,-1.107453453540003,-2.200022639524579,0.065040650406504,0.2649625986353223
1,1,1.125,-1.319754505546406,-1.164881924476973,-1.107453453540003,-2.200022639524579,0.065040650406504,0.2649625986353223
0,1,0.0,-1.319754505546406,-1.164881924476973,-1.107453453540003,-2.200022639524579,0.065040650406504,0.2649625986353223
0,1,0.125,-1.319754505546406,-1.164881924476973,-1.107453453540003,-2.200022639524579,0.065040650406504,0.2649625986353223
0,1,0.25,-1.319754505546406,-1.164881924476973,-1.107453453540003,-2.200022639524579,0.065040650406504,0.2649625986353223
0,1,0.625,-1.319754505546406,-1.164881924476973,-1.107453453540003,-2.200022639524579,0.065040650406504,0.2649625986353223
0,1,0.75,-1.319754505546406,-1.164881924476973,-1.107453453540003,-2.200022639524579,0.065040650406504,0.2649625986353223
0,1,0.875,-1.319754505546406,-1.164881924476973,-1.107453453540003,-2.200022639524579,0.065040650406504,0.2649625986353223
0,1,1.0,-1.319754505546406,-1.164881924476973,-1.107453453540003,-2.200022639524579,0.065040650406504,0.2649625986353223
0,1,1.125,-1.319754505546406,-1.164881924476973,-1.107453453540003,-2.200022639524579,0.065040650406504,0.2649625986353223
1,0,0.0,-1.319754505546406,-1.164881924476973,-1.107453453540003,-2.200022639524579,0.065040650406504,0.2649625986353223
1,0,0.125,-1.319754505546406,-1.164881924476973,-1.107453453540003,-2.200022639524579,0.065040650406504,0.2649625986353223
1,0,0.25,-1.319754505546406,-1.164881924476973,-1.107453453540003,-2.200022639524579,0.065040650406504,0.2649625986353223
0,0,0.0,-1.319754505546406,-1.164881924476973,-1.107453453540003,-2.200022639524579,0.065040650406504,0.2649625986353223
0,0,0.125,-1.319754505546406,-1.164881924476973,-1.107453453540003,-2.200022639524579,0.065040650406504,0.2649625986353223
0,0,0.25,-1.319754505546406,-1.164881924476973,-1.107453453540003,-2.200022639524579,0.065040650406504,0.2649625986353223
1,1,0.0,-0.2915349148022462,-0.4699285851608951,-0.1439433026307598,0.2880845287459707,0.056910569105691,0.8446257963531831
1,1,0.125,-0.2915349148022462,-0.4699285851608951,-0.1439433026307598,0.2880845287459707,0.056910569105691,0.8446257963531831
1,1,0.25,-0.2915349148022462,-0.4699285851608951,-0.1439433026307598,0.2880845287459707,0.056910569105691,0.8446257963531831
1,1,0.375,-0.2915349148022462,-0.4699285851608951,-0.1439433026307598,0.2880845287459707,0.056910569105691,0.8446257963531831
0,1,0.0,-0.2915349148022462,-0.4699285851608951,-0.1439433026307598,0.2880845287459707,0.056910569105691,0.8446257963531831
0,1,0.125,-0.2915349148022462,-0.4699285851608951,-0.1439433026307598,0.2880845287459707,0.056910569105691,0.8446257963531831
0,1,0.25,-0.2915349148022462,-0.4699285851608951,-0.1439433026307598,0.2880845287459707,0.056910569105691,0.8446257963531831
0,1,0.375,-0.2915349148022462,-0.4699285851608951,-0.1439433026307598,0.2880845287459707,0.056910569105691,0.8446257963531831
1,0,0.0,-0.2915349148022462,-0.4699285851608951,-0.1439433026307598,0.2880845287459707,0.056910569105691,0.8446257963531831
1,0,0.125,-0.2915349148022462,-0.4699285851608951,-0.1439433026307598,0.2880845287459707,0.056910569105691,0.8446257963531831
1,0,0.25,-0.2915349148022462,-0.4699285851608951,-0.1439433026307598,0.2880845287459707,0.056910569105691,0.8446257963531831
1,0,0.375,-0.2915349148022462,-0.4699285851608951,-0.1439433026307598,0.2880845287459707,0.056910569105691,0.8446257963531831
0,0,0.0,-0.2915349148022462,-0.4699285851608951,-0.1439433026307598,0.2880845287459707,0.056910569105691,0.8446257963531831
0,0,0.125,-0.2915349148022462,-0.4699285851608951,-0.1439433026307598,0.2880845287459707,0.056910569105691,0.8446257963531831
0,0,0.25,-0.2915349148022462,-0.4699285851608951,-0.1439433026307598,0.2880845287459707,0.056910569105691,0.8446257963531831
0,0,0.375,-0.2915349148022462,-0.4699285851608951,-0.1439433026307598,0.2880845287459707,0.056910569105691,0.8446257963531831
1,1,0.0,2.5097672163991254,3.0968314543437803,2.0646266836652094,0.8970267712364388,0.032520325203252,0.2388254128020726
0,1,0.0,2.5097672163991254,3.0968314543437803,2.0646266836652094,0.8970267712364388,0.032520325203252,0.2388254128020726
1,0,0.0,2.5097672163991254,3.0968314543437803,2.0646266836652094,0.8970267712364388,0.032520325203252,0.2388254128020726
0,0,0.0,2.5097672163991254,3.0968314543437803,2.0646266836652094,0.8970267712364388,0.032520325203252,0.2388254128020726
1,1,0.0,0.6085289112518328,1.084933174601422,0.3930289270193177,0.5219128038868642,0.0,0.3848353315095714
0,1,0.0,0.6085289112518328,1.084933174601422,0.3930289270193177,0.5219128038868642,0.0,0.3848353315095714
1,0,0.0,0.6085289112518328,1.084933174601422,0.3930289270193177,0.5219128038868642,0.0,0.3848353315095714
0,0,0.0,0.6085289112518328,1.084933174601422,0.3930289270193177,0.5219128038868642,0.0,0.3848353315095714
1,1,0.0,2.328711808827384,2.9074548346510927,1.9434863504249635,0.8611759578850433,0.08130081300813,0.1469003496492021
0,1,0.0,2.328711808827384,2.9074548346510927,1.9434863504249635,0.8611759578850433,0.08130081300813,0.1469003496492021
1,0,0.0,2.328711808827384,2.9074548346510927,1.9434863504249635,0.8611759578850433,0.08130081300813,0.1469003496492021
0,0,0.0,2.328711808827384,2.9074548346510927,1.9434863504249635,0.8611759578850433,0.08130081300813,0.1469003496492021
1,1,0.0,-0.030391088197072,0.4071723507777466,-0.1461999636540238,0.3964465666882527,0.0,0.3771764359942976
0,1,0.0,-0.030391088197072,0.4071723507777466,-0.1461999636540238,0.3964465666882527,0.0,0.3771764359942976
1,0,0.0,-0.030391088197072,0.4071723507777466,-0.1461999636540238,0.3964465666882527,0.0,0.3771764359942976
0,0,0.0,-0.030391088197072,0.4071723507777466,-0.1461999636540238,0.3964465666882527,0.0,0.3771764359942976
1,1,0.0,-0.2437162363318243,-0.4699285851608951,-0.3516532837586841,0.4155269774346508,0.024390243902439,0.87793977323352
1,1,0.125,-0.2437162363318243,-0.4699285851608951,-0.3516532837586841,0.4155269774346508,0.024390243902439,0.87793977323352
1,1,0.25,-0.2437162363318243,-0.4699285851608951,-0.3516532837586841,0.4155269774346508,0.024390243902439,0.87793977323352
1,1,0.375,-0.2437162363318243,-0.4699285851608951,-0.3516532837586841,0.4155269774346508,0.024390243902439,0.87793977323352
1,1,0.5,-0.2437162363318243,-0.4699285851608951,-0.3516532837586841,0.4155269774346508,0.024390243902439,0.87793977323352
0,1,0.0,-0.2437162363318243,-0.4699285851608951,-0.3516532837586841,0.4155269774346508,0.024390243902439,0.87793977323352
0,1,0.125,-0.2437162363318243,-0.4699285851608951,-0.3516532837586841,0.4155269774346508,0.024390243902439,0.87793977323352
0,1,0.25,-0.2437162363318243,-0.4699285851608951,-0.3516532837586841,0.4155269774346508,0.024390243902439,0.87793977323352
0,1,0.375,-0.2437162363318243,-0.4699285851608951,-0.3516532837586841,0.4155269774346508,0.024390243902439,0.87793977323352
0,1,0.5,-0.2437162363318243,-0.4699285851608951,-0.3516532837586841,0.4155269774346508,0.024390243902439,0.87793977323352
1,0,0.0,-0.2437162363318243,-0.4699285851608951,-0.3516532837586841,0.4155269774346508,0.024390243902439,0.87793977323352
1,0,0.125,-0.2437162363318243,-0.4699285851608951,-0.3516532837586841,0.4155269774346508,0.024390243902439,0.87793977323352
1,0,0.25,-0.2437162363318243,-0.4699285851608951,-0.3516532837586841,0.4155269774346508,0.024390243902439,0.87793977323352
1,0,0.375,-0.2437162363318243,-0.4699285851608951,-0.3516532837586841,0.4155269774346508,0.024390243902439,0.87793977323352
1,0,0.5,-0.2437162363318243,-0.4699285851608951,-0.3516532837586841,0.4155269774346508,0.024390243902439,0.87793977323352
0,0,0.0,-0.2437162363318243,-0.4699285851608951,-0.3516532837586841,0.4155269774346508,0.024390243902439,0.87793977323352
0,0,0.125,-0.2437162363318243,-0.4699285851608951,-0.3516532837586841,0.4155269774346508,0.024390243902439,0.87793977323352
0,0,0.25,-0.2437162363318243,-0.4699285851608951,-0.3516532837586841,0.4155269774346508,0.024390243902439,0.87793977323352
0,0,0.375,-0.2437162363318243,-0.4699285851608951,-0.3516532837586841,0.4155269774346508,0.024390243902439,0.87793977323352
0,0,0.5,-0.2437162363318243,-0.4699285851608951,-0.3516532837586841,0.4155269774346508,0.024390243902439,0.87793977323352
1,1,0.0,0.2451645368335435,-0.2309998552865413,0.1936334936442745,0.5048840761452424,0.08130081300813,0.9469137817040764
1,1,0.125,0.2451645368335435,-0.2309998552865413,0.1936334936442745,0.5048840761452424,0.08130081300813,0.9469137817040764
1,1,0.25,0.2451645368335435,-0.2309998552865413,0.1936334936442745,0.5048840761452424,0.08130081300813,0.9469137817040764
1,1,0.375,0.2451645368335435,-0.2309998552865413,0.1936334936442745,0.5048840761452424,0.08130081300813,0.9469137817040764
1,1,0.5,0.2451645368335435,-0.2309998552865413,0.1936334936442745,0.5048840761452424,0.08130081300813,0.9469137817040764
0,1,0.0,0.2451645368335435,-0.2309998552865413,0.1936334936442745,0.5048840761452424,0.08130081300813,0.9469137817040764
0,1,0.125,0.2451645368335435,-0.2309998552865413,0.1936334936442745,0.5048840761452424,0.08130081300813,0.9469137817040764
0,1,0.25,0.2451645368335435,-0.2309998552865413,0.1936334936442745,0.5048840761452424,0.08130081300813,0.9469137817040764
0,1,0.375,0.2451645368335435,-0.2309998552865413,0.1936334936442745,0.5048840761452424,0.08130081300813,0.9469137817040764
0,1,0.5,0.2451645368335435,-0.2309998552865413,0.1936334936442745,0.5048840761452424,0.08130081300813,0.9469137817040764
1,0,0.0,0.2451645368335435,-0.2309998552865413,0.1936334936442745,0.5048840761452424,0.08130081300813,0.9469137817040764
1,0,0.125,0.2451645368335435,-0.2309998552865413,0.1936334936442745,0.5048840761452424,0.08130081300813,0.9469137817040764
1,0,0.25,0.2451645368335435,-0.2309998552865413,0.1936334936442745,0.5048840761452424,0.08130081300813,0.9469137817040764
1,0,0.375,0.2451645368335435,-0.2309998552865413,0.1936334936442745,0.5048840761452424,0.08130081300813,0.9469137817040764
1,0,0.5,0.2451645368335435,-0.2309998552865413,0.1936334936442745,0.5048840761452424,0.08130081300813,0.9469137817040764
0,0,0.0,0.2451645368335435,-0.2309998552865413,0.1936334936442745,0.5048840761452424,0.08130081300813,0.9469137817040764
0,0,0.125,0.2451645368335435,-0.2309998552865413,0.1936334936442745,0.5048840761452424,0.08130081300813,0.9469137817040764
0,0,0.25,0.2451645368335435,-0.2309998552865413,0.1936334936442745,0.5048840761452424,0.08130081300813,0.9469137817040764
0,0,0.375,0.2451645368335435,-0.2309998552865413,0.1936334936442745,0.5048840761452424,0.08130081300813,0.9469137817040764
0,0,0.5,0.2451645368335435,-0.2309998552865413,0.1936334936442745,0.5048840761452424,0.08130081300813,0.9469137817040764
1,1,0.0,-0.4221591940067082,-0.4811396295396686,-0.3516532837586841,0.2837275343291534,0.024390243902439,0.8993559012280223
1,1,0.125,-0.4221591940067082,-0.4811396295396686,-0.3516532837586841,0.2837275343291534,0.024390243902439,0.8993559012280223
1,1,0.25,-0.4221591940067082,-0.4811396295396686,-0.3516532837586841,0.2837275343291534,0.024390243902439,0.8993559012280223
1,1,0.375,-0.4221591940067082,-0.4811396295396686,-0.3516532837586841,0.2837275343291534,0.024390243902439,0.8993559012280223
1,1,0.5,-0.4221591940067082,-0.4811396295396686,-0.3516532837586841,0.2837275343291534,0.024390243902439,0.8993559012280223
0,1,0.0,-0.4221591940067082,-0.4811396295396686,-0.3516532837586841,0.2837275343291534,0.024390243902439,0.8993559012280223
0,1,0.125,-0.4221591940067082,-0.4811396295396686,-0.3516532837586841,0.2837275343291534,0.024390243902439,0.8993559012280223
0,1,0.25,-0.4221591940067082,-0.4811396295396686,-0.3516532837586841,0.2837275343291534,0.024390243902439,0.8993559012280223
0,1,0.375,-0.4221591940067082,-0.4811396295396686,-0.3516532837586841,0.2837275343291534,0.024390243902439,0.8993559012280223
0,1,0.5,-0.4221591940067082,-0.4811396295396686,-0.3516532837586841,0.2837275343291534,0.024390243902439,0.8993559012280223
1,0,0.0,-0.4221591940067082,-0.4811396295396686,-0.3516532837586841,0.2837275343291534,0.024390243902439,0.8993559012280223
1,0,0.125,-0.4221591940067082,-0.4811396295396686,-0.3516532837586841,0.2837275343291534,0.024390243902439,0.8993559012280223
1,0,0.25,-0.4221591940067082,-0.4811396295396686,-0.3516532837586841,0.2837275343291534,0.024390243902439,0.8993559012280223
1,0,0.375,-0.4221591940067082,-0.4811396295396686,-0.3516532837586841,0.2837275343291534,0.024390243902439,0.8993559012280223
1,0,0.5,-0.4221591940067082,-0.4811396295396686,-0.3516532837586841,0.2837275343291534,0.024390243902439,0.8993559012280223
0,0,0.0,-0.4221591940067082,-0.4811396295396686,-0.3516532837586841,0.2837275343291534,0.024390243902439,0.8993559012280223
0,0,0.125,-0.4221591940067082,-0.4811396295396686,-0.3516532837586841,0.2837275343291534,0.024390243902439,0.8993559012280223
0,0,0.25,-0.4221591940067082,-0.4811396295396686,-0.3516532837586841,0.2837275343291534,0.024390243902439,0.8993559012280223
0,0,0.375,-0.4221591940067082,-0.4811396295396686,-0.3516532837586841,0.2837275343291534,0.024390243902439,0.8993559012280223
0,0,0.5,-0.4221591940067082,-0.4811396295396686,-0.3516532837586841,0.2837275343291534,0.024390243902439,0.8993559012280223
1,1,0.0,0.1171359020437417,-0.2112819765294885,0.2522568887603979,0.3362172781300799,0.0894308943089431,0.9657266042019752
1,1,0.125,0.1171359020437417,-0.2112819765294885,0.2522568887603979,0.3362172781300799,0.0894308943089431,0.9657266042019752
1,1,0.25,0.1171359020437417,-0.2112819765294885,0.2522568887603979,0.3362172781300799,0.0894308943089431,0.9657266042019752
1,1,0.375,0.1171359020437417,-0.2112819765294885,0.2522568887603979,0.3362172781300799,0.0894308943089431,0.9657266042019752
1,1,0.5,0.1171359020437417,-0.2112819765294885,0.2522568887603979,0.3362172781300799,0.0894308943089431,0.9657266042019752
0,1,0.0,0.1171359020437417,-0.2112819765294885,0.2522568887603979,0.3362172781300799,0.0894308943089431,0.9657266042019752
0,1,0.125,0.1171359020437417,-0.2112819765294885,0.2522568887603979,0.3362172781300799,0.0894308943089431,0.9657266042019752
0,1,0.25,0.1171359020437417,-0.2112819765294885,0.2522568887603979,0.3362172781300799,0.0894308943089431,0.9657266042019752
0,1,0.375,0.1171359020437417,-0.2112819765294885,0.2522568887603979,0.3362172781300799,0.0894308943089431,0.9657266042019752
0,1,0.5,0.1171359020437417,-0.2112819765294885,0.2522568887603979,0.3362172781300799,0.0894308943089431,0.9657266042019752
1,0,0.0,0.1171359020437417,-0.2112819765294885,0.2522568887603979,0.3362172781300799,0.0894308943089431,0.9657266042019752
1,0,0.125,0.1171359020437417,-0.2112819765294885,0.2522568887603979,0.3362172781300799,0.0894308943089431,0.9657266042019752
1,0,0.25,0.1171359020437417,-0.2112819765294885,0.2522568887603979,0.3362172781300799,0.0894308943089431,0.9657266042019752
1,0,0.375,0.1171359020437417,-0.2112819765294885,0.2522568887603979,0.3362172781300799,0.0894308943089431,0.9657266042019752
1,0,0.5,0.1171359020437417,-0.2112819765294885,0.2522568887603979,0.3362172781300799,0.0894308943089431,0.9657266042019752
0,0,0.0,0.1171359020437417,-0.2112819765294885,0.2522568887603979,0.3362172781300799,0.0894308943089431,0.9657266042019752
0,0,0.125,0.1171359020437417,-0.2112819765294885,0.2522568887603979,0.3362172781300799,0.0894308943089431,0.9657266042019752
0,0,0.25,0.1171359020437417,-0.2112819765294885,0.2522568887603979,0.3362172781300799,0.0894308943089431,0.9657266042019752
0,0,0.375,0.1171359020437417,-0.2112819765294885,0.2522568887603979,0.3362172781300799,0.0894308943089431,0.9657266042019752
0,0,0.5,0.1171359020437417,-0.2112819765294885,0.2522568887603979,0.3362172781300799,0.0894308943089431,0.9657266042019752
1,1,0.0,0.2567833047645442,0.7937332515379517,-0.1439433026307598,0.4866299013533094,0.08130081300813,0.0718443338152096
1,1,0.125,0.2567833047645442,0.7937332515379517,-0.1439433026307598,0.4866299013533094,0.08130081300813,0.0718443338152096
1,1,0.25,0.2567833047645442,0.7937332515379517,-0.1439433026307598,0.4866299013533094,0.08130081300813,0.0718443338152096
1,1,0.375,0.2567833047645442,0.7937332515379517,-0.1439433026307598,0.4866299013533094,0.08130081300813,0.0718443338152096
0,1,0.0,0.2567833047645442,0.7937332515379517,-0.1439433026307598,0.4866299013533094,0.08130081300813,0.0718443338152096
0,1,0.125,0.2567833047645442,0.7937332515379517,-0.1439433026307598,0.4866299013533094,0.08130081300813,0.0718443338152096
0,1,0.25,0.2567833047645442,0.7937332515379517,-0.1439433026307598,0.4866299013533094,0.08130081300813,0.0718443338152096
0,1,0.375,0.2567833047645442,0.7937332515379517,-0.1439433026307598,0.4866299013533094,0.08130081300813,0.0718443338152096
1,0,0.0,0.2567833047645442,0.7937332515379517,-0.1439433026307598,0.4866299013533094,0.08130081300813,0.0718443338152096
1,0,0.125,0.2567833047645442,0.7937332515379517,-0.1439433026307598,0.4866299013533094,0.08130081300813,0.0718443338152096
1,0,0.25,0.2567833047645442,0.7937332515379517,-0.1439433026307598,0.4866299013533094,0.08130081300813,0.0718443338152096
1,0,0.375,0.2567833047645442,0.7937332515379517,-0.1439433026307598,0.4866299013533094,0.08130081300813,0.0718443338152096
0,0,0.0,0.2567833047645442,0.7937332515379517,-0.1439433026307598,0.4866299013533094,0.08130081300813,0.0718443338152096
0,0,0.125,0.2567833047645442,0.7937332515379517,-0.1439433026307598,0.4866299013533094,0.08130081300813,0.0718443338152096
0,0,0.25,0.2567833047645442,0.7937332515379517,-0.1439433026307598,0.4866299013533094,0.08130081300813,0.0718443338152096
0,0,0.375,0.2567833047645442,0.7937332515379517,-0.1439433026307598,0.4866299013533094,0.08130081300813,0.0718443338152096
1,1,0.0,-0.8318113035242932,-1.1194716368446942,-0.7122500019236341,0.3256991739693989,0.073170731707317,0.4993718541387833
0,1,0.0,-0.8318113035242932,-1.1194716368446942,-0.7122500019236341,0.3256991739693989,0.073170731707317,0.4993718541387833
1,0,0.0,-0.8318113035242932,-1.1194716368446942,-0.7122500019236341,0.3256991739693989,0.073170731707317,0.4993718541387833
0,0,0.0,-0.8318113035242932,-1.1194716368446942,-0.7122500019236341,0.3256991739693989,0.073170731707317,0.4993718541387833
1,1,0.0,1.5105320199007437,0.3892586842873255,1.9058472292478867,0.6863538355343841,1.0000000000000002,0.6919686455911799
0,1,0.0,1.5105320199007437,0.3892586842873255,1.9058472292478867,0.6863538355343841,1.0000000000000002,0.6919686455911799
1,0,0.0,1.5105320199007437,0.3892586842873255,1.9058472292478867,0.6863538355343841,1.0000000000000002,0.6919686455911799
0,0,0.0,1.5105320199007437,0.3892586842873255,1.9058472292478867,0.6863538355343841,1.0000000000000002,0.6919686455911799
1,1,0.0,-0.311046504476314,-0.6258283268839312,-0.2770516877816702,0.3699099062768684,0.065040650406504,0.6685273981341124
0,1,0.0,-0.311046504476314,-0.6258283268839312,-0.2770516877816702,0.3699099062768684,0.065040650406504,0.6685273981341124
1,0,0.0,-0.311046504476314,-0.6258283268839312,-0.2770516877816702,0.3699099062768684,0.065040650406504,0.6685273981341124
0,0,0.0,-0.311046504476314,-0.6258283268839312,-0.2770516877816702,0.3699099062768684,0.065040650406504,0.6685273981341124
1,1,0.0,0.297509330292151,-0.3033274358540472,0.4175985557033473,0.4968406018666375,0.1869918699186992,0.6829710888682701
0,1,0.0,0.297509330292151,-0.3033274358540472,0.4175985557033473,0.4968406018666375,0.1869918699186992,0.6829710888682701
1,0,0.0,0.297509330292151,-0.3033274358540472,0.4175985557033473,0.4968406018666375,0.1869918699186992,0.6829710888682701
0,0,0.0,0.297509330292151,-0.3033274358540472,0.4175985557033473,0.4968406018666375,0.1869918699186992,0.6829710888682701
1,1,0.0,-0.2776079086259625,-0.5960406651751603,-0.2693855071685976,0.3699099062768684,0.065040650406504,0.7077356368085264
1,1,0.125,-0.2776079086259625,-0.5960406651751603,-0.2693855071685976,0.3699099062768684,0.065040650406504,0.7077356368085264
0,1,0.0,-0.2776079086259625,-0.5960406651751603,-0.2693855071685976,0.3699099062768684,0.065040650406504,0.7077356368085264
0,1,0.125,-0.2776079086259625,-0.5960406651751603,-0.2693855071685976,0.3699099062768684,0.065040650406504,0.7077356368085264
1,0,0.0,-0.2776079086259625,-0.5960406651751603,-0.2693855071685976,0.3699099062768684,0.065040650406504,0.7077356368085264
1,0,0.125,-0.2776079086259625,-0.5960406651751603,-0.2693855071685976,0.3699099062768684,0.065040650406504,0.7077356368085264
0,0,0.0,-0.2776079086259625,-0.5960406651751603,-0.2693855071685976,0.3699099062768684,0.065040650406504,0.7077356368085264
0,0,0.125,-0.2776079086259625,-0.5960406651751603,-0.2693855071685976,0.3699099062768684,0.065040650406504,0.7077356368085264
1,1,0.0,0.3156931045834458,-0.2879568318365748,0.4196880732172455,0.4968406018666375,0.1869918699186992,0.704566081913418
1,1,0.125,0.3156931045834458,-0.2879568318365748,0.4196880732172455,0.4968406018666375,0.1869918699186992,0.704566081913418
0,1,0.0,0.3156931045834458,-0.2879568318365748,0.4196880732172455,0.4968406018666375,0.1869918699186992,0.704566081913418
0,1,0.125,0.3156931045834458,-0.2879568318365748,0.4196880732172455,0.4968406018666375,0.1869918699186992,0.704566081913418
1,0,0.0,0.3156931045834458,-0.2879568318365748,0.4196880732172455,0.4968406018666375,0.1869918699186992,0.704566081913418
1,0,0.125,0.3156931045834458,-0.2879568318365748,0.4196880732172455,0.4968406018666375,0.1869918699186992,0.704566081913418
0,0,0.0,0.3156931045834458,-0.2879568318365748,0.4196880732172455,0.4968406018666375,0.1869918699186992,0.704566081913418
0,0,0.125,0.3156931045834458,-0.2879568318365748,0.4196880732172455,0.4968406018666375,0.1869918699186992,0.704566081913418
1,1,0.0,0.5942043763979179,0.2503643330202479,0.459635942767177,0.3456260429147231,0.1056910569105691,0.5507281839057809
1,1,0.125,0.5942043763979179,0.2503643330202479,0.459635942767177,0.3456260429147231,0.1056910569105691,0.5507281839057809
1,1,0.25,0.5942043763979179,0.2503643330202479,0.459635942767177,0.3456260429147231,0.1056910569105691,0.5507281839057809
1,1,0.375,0.5942043763979179,0.2503643330202479,0.459635942767177,0.3456260429147231,0.1056910569105691,0.5507281839057809
1,1,0.5,0.5942043763979179,0.2503643330202479,0.459635942767177,0.3456260429147231,0.1056910569105691,0.5507281839057809
1,1,0.625,0.5942043763979179,0.2503643330202479,0.459635942767177,0.3456260429147231,0.1056910569105691,0.5507281839057809
0,1,0.0,0.5942043763979179,0.2503643330202479,0.459635942767177,0.3456260429147231,0.1056910569105691,0.5507281839057809
0,1,0.125,0.5942043763979179,0.2503643330202479,0.459635942767177,0.3456260429147231,0.1056910569105691,0.5507281839057809
0,1,0.25,0.5942043763979179,0.2503643330202479,0.459635942767177,0.3456260429147231,0.1056910569105691,0.5507281839057809
0,1,0.375,0.5942043763979179,0.2503643330202479,0.459635942767177,0.3456260429147231,0.1056910569105691,0.5507281839057809
0,1,0.5,0.5942043763979179,0.2503643330202479,0.459635942767177,0.3456260429147231,0.1056910569105691,0.5507281839057809
0,1,0.625,0.5942043763979179,0.2503643330202479,0.459635942767177,0.3456260429147231,0.1056910569105691,0.5507281839057809
1,0,0.0,0.5942043763979179,0.2503643330202479,0.459635942767177,0.3456260429147231,0.1056910569105691,0.5507281839057809
1,0,0.125,0.5942043763979179,0.2503643330202479,0.459635942767177,0.3456260429147231,0.1056910569105691,0.5507281839057809
1,0,0.25,0.5942043763979179,0.2503643330202479,0.459635942767177,0.3456260429147231,0.1056910569105691,0.5507281839057809
1,0,0.375,0.5942043763979179,0.2503643330202479,0.459635942767177,0.3456260429147231,0.1056910569105691,0.5507281839057809
1,0,0.5,0.5942043763979179,0.2503643330202479,0.459635942767177,0.3456260429147231,0.1056910569105691,0.5507281839057809
1,0,0.625,0.5942043763979179,0.2503643330202479,0.459635942767177,0.3456260429147231,0.1056910569105691,0.5507281839057809
0,0,0.0,0.5942043763979179,0.2503643330202479,0.459635942767177,0.3456260429147231,0.1056910569105691,0.5507281839057809
0,0,0.125,0.5942043763979179,0.2503643330202479,0.459635942767177,0.3456260429147231,0.1056910569105691,0.5507281839057809
0,0,0.25,0.5942043763979179,0.2503643330202479,0.459635942767177,0.3456260429147231,0.1056910569105691,0.5507281839057809
0,0,0.375,0.5942043763979179,0.2503643330202479,0.459635942767177,0.3456260429147231,0.1056910569105691,0.5507281839057809
0,0,0.5,0.5942043763979179,0.2503643330202479,0.459635942767177,0.3456260429147231,0.1056910569105691,0.5507281839057809
0,0,0.625,0.5942043763979179,0.2503643330202479,0.459635942767177,0.3456260429147231,0.1056910569105691,0.5507281839057809
1,1,0.0,1.316625819130392,0.4540189237472257,1.638396596740746,0.6776941064333818,0.7560975609756099,0.457463904371888
0,1,0.0,1.316625819130392,0.4540189237472257,1.638396596740746,0.6776941064333818,0.7560975609756099,0.457463904371888
1,0,0.0,1.316625819130392,0.4540189237472257,1.638396596740746,0.6776941064333818,0.7560975609756099,0.457463904371888
0,0,0.0,1.316625819130392,0.4540189237472257,1.638396596740746,0.6776941064333818,0.7560975609756099,0.457463904371888
1,1,0.0,0.2963600879044574,-0.1341722873847308,0.4164402161161644,0.4964977965651497,0.1869918699186992,0.4702328577117885
0,1,0.0,0.2963600879044574,-0.1341722873847308,0.4164402161161644,0.4964977965651497,0.1869918699186992,0.4702328577117885
1,0,0.0,0.2963600879044574,-0.1341722873847308,0.4164402161161644,0.4964977965651497,0.1869918699186992,0.4702328577117885
0,0,0.0,0.2963600879044574,-0.1341722873847308,0.4164402161161644,0.4964977965651497,0.1869918699186992,0.4702328577117885
1,1,0.0,1.5562319091455508,1.89961585800031,1.173409237824961,0.7202373371320361,0.0894308943089431,0.1882941079382647
1,1,0.125,1.5562319091455508,1.89961585800031,1.173409237824961,0.7202373371320361,0.0894308943089431,0.1882941079382647
1,1,0.25,1.5562319091455508,1.89961585800031,1.173409237824961,0.7202373371320361,0.0894308943089431,0.1882941079382647
1,1,0.625,1.5562319091455508,1.89961585800031,1.173409237824961,0.7202373371320361,0.0894308943089431,0.1882941079382647
1,1,0.75,1.5562319091455508,1.89961585800031,1.173409237824961,0.7202373371320361,0.0894308943089431,0.1882941079382647
1,1,0.875,1.5562319091455508,1.89961585800031,1.173409237824961,0.7202373371320361,0.0894308943089431,0.1882941079382647
1,1,1.0,1.5562319091455508,1.89961585800031,1.173409237824961,0.7202373371320361,0.0894308943089431,0.1882941079382647
1,1,1.125,1.5562319091455508,1.89961585800031,1.173409237824961,0.7202373371320361,0.0894308943089431,0.1882941079382647
0,1,0.0,1.5562319091455508,1.89961585800031,1.173409237824961,0.7202373371320361,0.0894308943089431,0.1882941079382647
0,1,0.125,1.5562319091455508,1.89961585800031,1.173409237824961,0.7202373371320361,0.0894308943089431,0.1882941079382647
0,1,0.25,1.5562319091455508,1.89961585800031,1.173409237824961,0.7202373371320361,0.0894308943089431,0.1882941079382647
0,1,0.375,1.5562319091455508,1.89961585800031,1.173409237824961,0.7202373371320361,0.0894308943089431,0.1882941079382647
0,1,0.5,1.5562319091455508,1.89961585800031,1.173409237824961,0.7202373371320361,0.0894308943089431,0.1882941079382647
0,1,0.625,1.5562319091455508,1.89961585800031,1.173409237824961,0.7202373371320361,0.0894308943089431,0.1882941079382647
0,1,0.75,1.5562319091455508,1.89961585800031,1.173409237824961,0.7202373371320361,0.0894308943089431,0.1882941079382647
0,1,0.875,1.5562319091455508,1.89961585800031,1.173409237824961,0.7202373371320361,0.0894308943089431,0.1882941079382647
0,1,1.0,1.5562319091455508,1.89961585800031,1.173409237824961,0.7202373371320361,0.0894308943089431,0.1882941079382647
0,1,1.125,1.5562319091455508,1.89961585800031,1.173409237824961,0.7202373371320361,0.0894308943089431,0.1882941079382647
1,0,0.0,1.5562319091455508,1.89961585800031,1.173409237824961,0.7202373371320361,0.0894308943089431,0.1882941079382647
1,0,0.125,1.5562319091455508,1.89961585800031,1.173409237824961,0.7202373371320361,0.0894308943089431,0.1882941079382647
1,0,0.25,1.5562319091455508,1.89961585800031,1.173409237824961,0.7202373371320361,0.0894308943089431,0.1882941079382647
0,0,0.0,1.5562319091455508,1.89961585800031,1.173409237824961,0.7202373371320361,0.0894308943089431,0.1882941079382647
0,0,0.125,1.5562319091455508,1.89961585800031,1.173409237824961,0.7202373371320361,0.0894308943089431,0.1882941079382647
0,0,0.25,1.5562319091455508,1.89961585800031,1.173409237824961,0.7202373371320361,0.0894308943089431,0.1882941079382647
1,1,0.0,0.5821634964857868,0.0269207381145114,0.7757070227593947,0.3818343492878572,0.1869918699186992,1.0
1,1,0.125,0.5821634964857868,0.0269207381145114,0.7757070227593947,0.3818343492878572,0.1869918699186992,1.0
1,1,0.25,0.5821634964857868,0.0269207381145114,0.7757070227593947,0.3818343492878572,0.1869918699186992,1.0
1,1,0.375,0.5821634964857868,0.0269207381145114,0.7757070227593947,0.3818343492878572,0.1869918699186992,1.0
1,1,0.5,0.5821634964857868,0.0269207381145114,0.7757070227593947,0.3818343492878572,0.1869918699186992,1.0
1,1,0.625,0.5821634964857868,0.0269207381145114,0.7757070227593947,0.3818343492878572,0.1869918699186992,1.0
1,1,0.75,0.5821634964857868,0.0269207381145114,0.7757070227593947,0.3818343492878572,0.1869918699186992,1.0
0,1,0.0,0.5821634964857868,0.0269207381145114,0.7757070227593947,0.3818343492878572,0.1869918699186992,1.0
0,1,0.125,0.5821634964857868,0.0269207381145114,0.7757070227593947,0.3818343492878572,0.1869918699186992,1.0
0,1,0.25,0.5821634964857868,0.0269207381145114,0.7757070227593947,0.3818343492878572,0.1869918699186992,1.0
0,1,0.375,0.5821634964857868,0.0269207381145114,0.7757070227593947,0.3818343492878572,0.1869918699186992,1.0
0,1,0.5,0.5821634964857868,0.0269207381145114,0.7757070227593947,0.3818343492878572,0.1869918699186992,1.0
0,1,0.625,0.5821634964857868,0.0269207381145114,0.7757070227593947,0.3818343492878572,0.1869918699186992,1.0
0,1,0.75,0.5821634964857868,0.0269207381145114,0.7757070227593947,0.3818343492878572,0.1869918699186992,1.0
1,0,0.0,0.5821634964857868,0.0269207381145114,0.7757070227593947,0.3818343492878572,0.1869918699186992,1.0
1,0,0.125,0.5821634964857868,0.0269207381145114,0.7757070227593947,0.3818343492878572,0.1869918699186992,1.0
1,0,0.25,0.5821634964857868,0.0269207381145114,0.7757070227593947,0.3818343492878572,0.1869918699186992,1.0
1,0,0.375,0.5821634964857868,0.0269207381145114,0.7757070227593947,0.3818343492878572,0.1869918699186992,1.0
1,0,0.5,0.5821634964857868,0.0269207381145114,0.7757070227593947,0.3818343492878572,0.1869918699186992,1.0
1,0,0.625,0.5821634964857868,0.0269207381145114,0.7757070227593947,0.3818343492878572,0.1869918699186992,1.0
1,0,0.75,0.5821634964857868,0.0269207381145114,0.7757070227593947,0.3818343492878572,0.1869918699186992,1.0
1,0,1.0,0.5821634964857868,0.0269207381145114,0.7757070227593947,0.3818343492878572,0.1869918699186992,1.0
0,0,0.0,0.5821634964857868,0.0269207381145114,0.7757070227593947,0.3818343492878572,0.1869918699186992,1.0
0,0,0.125,0.5821634964857868,0.0269207381145114,0.7757070227593947,0.3818343492878572,0.1869918699186992,1.0
0,0,0.25,0.5821634964857868,0.0269207381145114,0.7757070227593947,0.3818343492878572,0.1869918699186992,1.0
0,0,0.375,0.5821634964857868,0.0269207381145114,0.7757070227593947,0.3818343492878572,0.1869918699186992,1.0
0,0,0.5,0.5821634964857868,0.0269207381145114,0.7757070227593947,0.3818343492878572,0.1869918699186992,1.0
0,0,0.625,0.5821634964857868,0.0269207381145114,0.7757070227593947,0.3818343492878572,0.1869918699186992,1.0
0,0,0.75,0.5821634964857868,0.0269207381145114,0.7757070227593947,0.3818343492878572,0.1869918699186992,1.0
0,0,0.875,0.5821634964857868,0.0269207381145114,0.7757070227593947,0.3818343492878572,0.1869918699186992,1.0
0,0,1.0,0.5821634964857868,0.0269207381145114,0.7757070227593947,0.3818343492878572,0.1869918699186992,1.0
1,1,0.0,-0.9916013852354776,-0.8113878035074837,-1.3079655186174814,0.2974932935306108,0.073170731707317,0.2342661485098691
1,1,0.125,-0.9916013852354776,-0.8113878035074837,-1.3079655186174814,0.2974932935306108,0.073170731707317,0.2342661485098691
0,1,0.0,-0.9916013852354776,-0.8113878035074837,-1.3079655186174814,0.2974932935306108,0.073170731707317,0.2342661485098691
0,1,0.125,-0.9916013852354776,-0.8113878035074837,-1.3079655186174814,0.2974932935306108,0.073170731707317,0.2342661485098691
1,0,0.0,-0.9916013852354776,-0.8113878035074837,-1.3079655186174814,0.2974932935306108,0.073170731707317,0.2342661485098691
1,0,0.125,-0.9916013852354776,-0.8113878035074837,-1.3079655186174814,0.2974932935306108,0.073170731707317,0.2342661485098691
0,0,0.0,-0.9916013852354776,-0.8113878035074837,-1.3079655186174814,0.2974932935306108,0.073170731707317,0.2342661485098691
0,0,0.125,-0.9916013852354776,-0.8113878035074837,-1.3079655186174814,0.2974932935306108,0.073170731707317,0.2342661485098691
1,1,0.0,-0.0553651054360918,0.3892586842873255,-0.5739334136129149,0.4501911415067866,1.0000000000000002,0.0002475586498341
1,1,0.125,-0.0553651054360918,0.3892586842873255,-0.5739334136129149,0.4501911415067866,1.0000000000000002,0.0002475586498341
0,1,0.0,-0.0553651054360918,0.3892586842873255,-0.5739334136129149,0.4501911415067866,1.0000000000000002,0.0002475586498341
0,1,0.125,-0.0553651054360918,0.3892586842873255,-0.5739334136129149,0.4501911415067866,1.0000000000000002,0.0002475586498341
1,0,0.0,-0.0553651054360918,0.3892586842873255,-0.5739334136129149,0.4501911415067866,1.0000000000000002,0.0002475586498341
1,0,0.125,-0.0553651054360918,0.3892586842873255,-0.5739334136129149,0.4501911415067866,1.0000000000000002,0.0002475586498341
0,0,0.0,-0.0553651054360918,0.3892586842873255,-0.5739334136129149,0.4501911415067866,1.0000000000000002,0.0002475586498341
0,0,0.125,-0.0553651054360918,0.3892586842873255,-0.5739334136129149,0.4501911415067866,1.0000000000000002,0.0002475586498341
1,1,0.0,-1.0523953021357553,-0.6258283268839312,-1.331501103828086,0.2518762223728596,0.065040650406504,0.1509786476318473
1,1,0.125,-1.0523953021357553,-0.6258283268839312,-1.331501103828086,0.2518762223728596,0.065040650406504,0.1509786476318473
0,1,0.0,-1.0523953021357553,-0.6258283268839312,-1.331501103828086,0.2518762223728596,0.065040650406504,0.1509786476318473
0,1,0.125,-1.0523953021357553,-0.6258283268839312,-1.331501103828086,0.2518762223728596,0.065040650406504,0.1509786476318473
1,0,0.0,-1.0523953021357553,-0.6258283268839312,-1.331501103828086,0.2518762223728596,0.065040650406504,0.1509786476318473
1,0,0.125,-1.0523953021357553,-0.6258283268839312,-1.331501103828086,0.2518762223728596,0.065040650406504,0.1509786476318473
0,0,0.0,-1.0523953021357553,-0.6258283268839312,-1.331501103828086,0.2518762223728596,0.065040650406504,0.1509786476318473
0,0,0.125,-1.0523953021357553,-0.6258283268839312,-1.331501103828086,0.2518762223728596,0.065040650406504,0.1509786476318473
1,1,0.0,-0.7263065333498204,-0.3033274358540472,-1.0830766085179175,0.3169084093769884,0.1869918699186992,0.0692657399120322
1,1,0.125,-0.7263065333498204,-0.3033274358540472,-1.0830766085179175,0.3169084093769884,0.1869918699186992,0.0692657399120322
0,1,0.0,-0.7263065333498204,-0.3033274358540472,-1.0830766085179175,0.3169084093769884,0.1869918699186992,0.0692657399120322
0,1,0.125,-0.7263065333498204,-0.3033274358540472,-1.0830766085179175,0.3169084093769884,0.1869918699186992,0.0692657399120322
1,0,0.0,-0.7263065333498204,-0.3033274358540472,-1.0830766085179175,0.3169084093769884,0.1869918699186992,0.0692657399120322
1,0,0.125,-0.7263065333498204,-0.3033274358540472,-1.0830766085179175,0.3169084093769884,0.1869918699186992,0.0692657399120322
0,0,0.0,-0.7263065333498204,-0.3033274358540472,-1.0830766085179175,0.3169084093769884,0.1869918699186992,0.0692657399120322
0,0,0.125,-0.7263065333498204,-0.3033274358540472,-1.0830766085179175,0.3169084093769884,0.1869918699186992,0.0692657399120322
